<?xml version="1.0" encoding="UTF-8"?>

<NamingSystem xmlns="http://hl7.org/fhir">
  <id value="no-basis-kommunenummer"/>
  <meta>
    <versionId value="1.0"/>
  </meta>
  <text>
    <status value="generated"/><div xmlns="http://www.w3.org/1999/xhtml"><h3>Summary</h3><table class="grid"><tr><td>Defining URL</td><td>https://simplifier.net/guide/no-basis-entities-individuals/NamingSystem/no-basis-kommunenummer</td></tr><tr><td>Version</td><td>0.1.0</td></tr><tr><td>Name</td><td>Kommunenummer</td></tr><tr><td>Status</td><td>active</td></tr><tr><td>Definition</td><td><div><p>Nummerering av kommuner i henhold til SSB sin offisielle liste. Inneholder fremtidige, gyldige og utgåtte kommunenummer.</p>
</div></td></tr><tr><td>Publisher</td><td>HL7 Norway</td></tr></table><h3>Identifiers</h3><table class="grid"><tr><td><b>Type</b></td><td><b>Value</b></td><td><b>Preferred</b></td></tr><tr><td>URI</td><td>http://hl7.no/fhir/NamingSystem/kommunenummer</td><td>false</td></tr><tr><td>URI</td><td>https://register.geonorge.no/subregister/sosi-kodelister/kartverket/kommunenummer-alle</td><td>true</td></tr><tr><td>URI</td><td>urn:oid:2.16.578.1.12.4.1.1.3402</td><td>false</td></tr></table></div>
  </text>
  <name value="Kommunenummer"/>
  <status value="active"/>
  <kind value="identifier"/>
  <date value="2018-10-26"/>
  <publisher value="HL7 Norway"/>
  <contact>
    <name value="HL7 Norway"/>
    <telecom>
      <system value="url"/>
      <value value="http://www.hl7.org/"/>
    </telecom>
    <telecom>
      <system value="email"/>
      <value value="usrsc@lists.HL7.org"/>
    </telecom>
  </contact>
  <responsible value="Statistisk sentralbyr&#xE5;"/>
  <description value="Nummerering av kommuner i henhold til SSB sin offisielle liste. Inneholder fremtidige, gyldige og utg&#xE5;tte kommunenummer."/>
  <uniqueId>
    <type value="uri"/>
    <value value="http://hl7.no/fhir/NamingSystem/kommunenummer"/>
    <preferred value="false"/>
  </uniqueId>
  <uniqueId>
    <type value="uri"/>
    <value value="https://register.geonorge.no/subregister/sosi-kodelister/kartverket/kommunenummer-alle"/>
    <preferred value="true"/>
  </uniqueId>
  <uniqueId>
    <type value="uri"/>
    <value value="urn:oid:2.16.578.1.12.4.1.1.3402"/>
    <preferred value="false"/>
  </uniqueId>
</NamingSystem>