<?xml version="1.0" encoding="UTF-8"?>

<RelatedPerson xmlns="http://hl7.org/fhir">
  <id value="GOFSH-GENERATED-ID-6"/>
  <meta>
    <profile value="http://hl7.no/fhir/StructureDefinition/no-basis-RelatedPerson"/>
  </meta>
  <text>
    <status value="extensions"/><div xmlns="http://www.w3.org/1999/xhtml"><p><b>Generated Narrative</b></p><blockquote><p><b>no-basis-person-citizenship</b></p><p><b>value</b>: <span title="Codes: {urn:iso:std:iso:3166 NO}">Norway</span></p></blockquote><p><b>identifier</b>: id: 05073500186</p><p><b>patient</b>: <span></span></p><p><b>relationship</b>: <span title="Codes: {http://hl7.no/fhir/CodeSystem/no-basis-marital-status gift}">Gift</span></p><p><b>name</b>: Ærlend Sørgård </p></div>
  </text>
  <extension url="http://hl7.no/fhir/StructureDefinition/no-basis-person-citizenship">
    <extension url="code">
      <valueCodeableConcept>
        <coding>
          <system value="urn:iso:std:iso:3166"/>
          <code value="NO"/>
        </coding>
      </valueCodeableConcept>
    </extension>
  </extension>
  <identifier>
    <system value="urn:oid:2.16.578.1.12.4.1.4.1"/>
    <value value="05073500186"/>
  </identifier>
  <patient>
    <extension url="http://ehelse.no/fhir/StructureDefinition/no-basis-relatedperson-person-reference">
      <valueReference>
        <identifier>
          <system value="urn:oid:2.16.578.1.12.4.1.4.1"/>
          <value value="04021950128"/>
        </identifier>
      </valueReference>
    </extension>
    <identifier>
      <system value="urn:oid:2.16.578.1.12.4.1.4.1"/>
      <value value="04021950128"/>
    </identifier>
  </patient>
  <relationship>
    <coding>
      <system value="http://hl7.no/fhir/CodeSystem/no-basis-marital-status"/>
      <code value="gift"/>
    </coding>
  </relationship>
  <name>
    <extension url="http://hl7.no/fhir/StructureDefinition/no-basis-middlename">
      <valueString value="P&#xE5;r&#xF8;rende"/>
    </extension>
    <family value="S&#xF8;rg&#xE5;rd"/>
    <given value="&#xC6;rlend"/>
  </name>
</RelatedPerson>