<?xml version="1.0" encoding="UTF-8"?><ConceptMap xmlns="http://hl7.org/fhir"><id value="3401-use-mapping"/><text><status value="extensions"/><div xmlns="http://www.w3.org/1999/xhtml"><h2>MappingUse3401 (http://ehelse.no/fhir/ConceptMap/3401-mapping)</h2><p>Mapping from <a href="http://hl7.org/fhir/R4/codesystem-address-use.html">http://hl7.org/fhir/address-use</a> to urn:oid:2.16.578.1.12.4.1.1.3401</p><p>DRAFT (not intended for production usage). Published on 2021-05-31 by HL7 Norway (HL7 Norway: <a href="http://www.hl7.org/">http://www.hl7.org/</a>, <a href="mailto:usrsc@lists.HL7.org">usrsc@lists.HL7.org</a>). </p><div><p>An example mapping</p>
</div><br/><table class="grid"><tr><td colspan="4"><b>Source Concept Details</b></td><td><b>Relationship</b></td><td colspan="2"><b>Destination Concept Details</b></td><td><b>Comment</b></td></tr><tr><td colspan="2"><b>Code</b> from <a href="http://hl7.org/fhir/R4/codesystem-address-use.html" title="http://hl7.org/fhir/address-use">AddressUse</a></td><td><b>Code</b> from </td><td><b>Code</b> from </td><td/><td colspan="2"><b>Code</b> from urn:oid:2.16.578.1.12.4.1.1.3401</td><td/></tr><tr><td style="border-right-width: 0px">home</td><td style="border-left-width: 0px">Home</td><td>false</td><td/><td><a href="http://hl7.org/fhir/R4/codesystem-concept-map-equivalence.html#narrower">narrower</a></td><td style="border-right-width: 0px">H</td><td style="border-left-width: 0px"></td><td>Både Bosted og folkeregisteradresse mapper til home</td></tr><tr><td style="border-right-width: 0px">home</td><td style="border-left-width: 0px">Home</td><td>true</td><td/><td><a href="http://hl7.org/fhir/R4/codesystem-concept-map-equivalence.html#narrower">narrower</a></td><td style="border-right-width: 0px">HP</td><td style="border-left-width: 0px"></td><td>Både Bosted og folkeregisteradresse mapper til home</td></tr><tr><td style="border-right-width: 0px">work</td><td style="border-left-width: 0px">Work</td><td/><td/><td><a href="http://hl7.org/fhir/R4/codesystem-concept-map-equivalence.html#equivalent">is equivalent to</a></td><td style="border-right-width: 0px">WP</td><td style="border-left-width: 0px"></td><td/></tr><tr><td style="border-right-width: 0px">temp</td><td style="border-left-width: 0px">Temporary</td><td/><td/><td><a href="http://hl7.org/fhir/R4/codesystem-concept-map-equivalence.html#narrower">narrower</a></td><td style="border-right-width: 0px">HV</td><td style="border-left-width: 0px"></td><td>Både ferieadresse og midlertidig adresse mapper til temp</td></tr><tr><td style="border-right-width: 0px">temp</td><td style="border-left-width: 0px">Temporary</td><td/><td/><td><a href="http://hl7.org/fhir/R4/codesystem-concept-map-equivalence.html#narrower">narrower</a></td><td style="border-right-width: 0px">TMP</td><td style="border-left-width: 0px"></td><td>Både ferieadresse og midlertidig adresse mapper til temp</td></tr><tr><td style="border-right-width: 0px">old</td><td style="border-left-width: 0px">Old / Incorrect</td><td/><td/><td><a href="http://hl7.org/fhir/R4/codesystem-concept-map-equivalence.html#inexact">maps loosely to</a></td><td style="border-right-width: 0px">BAD</td><td style="border-left-width: 0px"></td><td>Gammel er relatert til ubrukelig men ikke lik</td></tr><tr><td style="border-right-width: 0px">home</td><td style="border-left-width: 0px">Home</td><td/><td>billing</td><td><a href="http://hl7.org/fhir/R4/codesystem-concept-map-equivalence.html#equivalent">is equivalent to</a></td><td style="border-right-width: 0px">INV</td><td style="border-left-width: 0px"></td><td/></tr><tr><td style="border-right-width: 0px">home</td><td style="border-left-width: 0px">Home</td><td/><td>postal</td><td><a href="http://hl7.org/fhir/R4/codesystem-concept-map-equivalence.html#equivalent">is equivalent to</a></td><td style="border-right-width: 0px">PST</td><td style="border-left-width: 0px"></td><td/></tr><tr><td style="border-right-width: 0px">home</td><td style="border-left-width: 0px">Home</td><td/><td>physical</td><td><a href="http://hl7.org/fhir/R4/codesystem-concept-map-equivalence.html#equivalent">is equivalent to</a></td><td style="border-right-width: 0px">RES</td><td style="border-left-width: 0px"></td><td/></tr></table></div></text><url value="http://ehelse.no/fhir/ConceptMap/3401-mapping"/><version value="0.1.0"/><name value="MappingUse3401"/><title value="Mapping 3401 to Address use"/><status value="draft"/><experimental value="true"/><date value="2021-05-31"/><publisher value="HL7 Norway"/><contact><name value="HL7 Norway"/><telecom><system value="url"/><value value="http://www.hl7.org/"/></telecom><telecom><system value="email"/><value value="usrsc@lists.HL7.org"/></telecom></contact><description value="An example mapping"/><purpose value="To illustrate mapping features"/><sourceUri value="http://hl7.org/fhir/address-use"/><targetUri value="urn:oid:2.16.578.1.12.4.1.1.3401"/><group><source value="http://hl7.org/fhir/address-use"/><target value="urn:oid:2.16.578.1.12.4.1.1.3401"/><element><code value="home"/><target><code value="H"/><display value="Bostedsadresse"/><equivalence value="narrower"/><comment value="B&#xE5;de Bosted og folkeregisteradresse mapper til home"/><dependsOn><property value="Address.official"/><value value="false"/></dependsOn></target></element><element><code value="home"/><target><code value="HP"/><display value="Folkeregisteradresse"/><equivalence value="narrower"/><comment value="B&#xE5;de Bosted og folkeregisteradresse mapper til home"/><dependsOn><property value="Address.official"/><value value="true"/></dependsOn></target></element><element><code value="work"/><target><code value="WP"/><display value="Arbeidsadresse"/><equivalence value="equivalent"/></target></element><element><code value="temp"/><target><code value="HV"/><display value="Ferieadresse"/><equivalence value="narrower"/><comment value="B&#xE5;de ferieadresse og midlertidig adresse mapper til temp"/></target></element><element><code value="temp"/><target><code value="TMP"/><display value="Midlertidig adresse"/><equivalence value="narrower"/><comment value="B&#xE5;de ferieadresse og midlertidig adresse mapper til temp"/></target></element><element><code value="old"/><target><code value="BAD"/><display value="Ubrukelig adresse"/><equivalence value="inexact"/><comment value="Gammel er relatert til ubrukelig men ikke lik"/></target></element><element><code value="home"/><target><code value="INV"/><display value="Faktureringsadresse"/><equivalence value="equivalent"/><dependsOn><property value="Address.type"/><value value="billing"/></dependsOn></target></element><element><code value="home"/><target><code value="PST"/><display value="Postadresse"/><equivalence value="equivalent"/><dependsOn><property value="Address.type"/><value value="postal"/></dependsOn></target></element><element><code value="home"/><target><code value="RES"/><display value="Bes&#xF8;ksadresse"/><equivalence value="equivalent"/><dependsOn><property value="Address.type"/><value value="physical"/></dependsOn></target></element></group></ConceptMap>