<?xml version="1.0" encoding="UTF-8"?><NamingSystem xmlns="http://hl7.org/fhir"><id value="no-basis-felleshjelpenummer"/><meta><versionId value="1.0"/></meta><text><status value="generated"/><div xmlns="http://www.w3.org/1999/xhtml"><h3>Summary</h3><table class="grid"><tr><td>Defining URL</td><td>https://simplifier.net/guide/no-basis-entities-individuals/NamingSystem/no-basis-felleshjelpenummer</td></tr><tr><td>Version</td><td>0.1.0</td></tr><tr><td>Name</td><td>FellesHjelpenummer</td></tr><tr><td>Status</td><td>active</td></tr><tr><td>Definition</td><td><div><p>Felles hjelpenummer is one possible patient identification number administered by Norsk Helsenett. The norwegian felles hjelpenummer is a 11-digit number containing two control digits. The number shoud only be used when the Fødselsnummer and D-number is unknown.</p>
</div></td></tr><tr><td>Publisher</td><td>HL7 Norway</td></tr></table><h3>Identifiers</h3><table class="grid"><tr><td><b>Type</b></td><td><b>Value</b></td><td><b>Preferred</b></td></tr><tr><td>URI</td><td>http://hl7.no/fhir/NamingSystem/FHNR</td><td>false</td></tr><tr><td>OID</td><td>2.16.578.1.12.4.1.4.3</td><td>true</td></tr></table></div></text><name value="FellesHjelpenummer"/><status value="active"/><kind value="identifier"/><date value="2018-10-26"/><publisher value="HL7 Norway"/><contact><name value="HL7 Norway"/><telecom><system value="url"/><value value="http://www.hl7.org/"/></telecom><telecom><system value="email"/><value value="usrsc@lists.HL7.org"/></telecom></contact><responsible value="Norsk helsenett"/><description value="Felles hjelpenummer is one possible patient identification number administered by Norsk Helsenett. The norwegian felles hjelpenummer is a 11-digit number containing two control digits. The number shoud only be used when the F&#xF8;dselsnummer and D-number is unknown."/><uniqueId><type value="uri"/><value value="http://hl7.no/fhir/NamingSystem/FHNR"/><preferred value="false"/></uniqueId><uniqueId><type value="oid"/><value value="2.16.578.1.12.4.1.4.3"/><preferred value="true"/></uniqueId></NamingSystem>