<?xml version="1.0" encoding="UTF-8"?><SearchParameter xmlns="http://hl7.org/fhir"><id value="no-basis-middlename"/><url value="http://hl7.no/fhir/SearchParameter/no-basis-middlename"/><version value="0.1.0"/><name value="NoBasisMiddlename"/><status value="active"/><date value="2021-08-18T00:20:08+02:00"/><publisher value="HL7 Norway"/><contact><name value="HL7 Norway"/><telecom><system value="url"/><value value="http://www.hl7.org/"/></telecom><telecom><system value="email"/><value value="usrsc@lists.HL7.org"/></telecom></contact><description value="SearchParameter for the Norwegian middlename extension http://hl7.no/fhir/StructureDefinition/no-basis-middlename"/><code value="middlename"/><base value="Patient"/><base value="Practitioner"/><base value="Person"/><type value="string"/><expression value="Patient.name.extension.where(url=&#39;http://hl7.no/fhir/StructureDefinition/no-basis-middlename&#39;).value | Practitioner.name.extension.where(url=&#39;http://hl7.no/fhir/StructureDefinition/no-basis-middlename&#39;).value | Person.name.extension.where(url=&#39;http://hl7.no/fhir/StructureDefinition/no-basis-middlename&#39;).value"/><xpath value="f:Patient/f:name/f:extension[@url=&#39;http://hl7.no/fhir/StructureDefinition/no-basis-middlename&#39;] | f:Practitioner/f:name/f:extension[@url=&#39;http://hl7.no/fhir/StructureDefinition/no-basis-middlename&#39;] | f:Person/f:name/f:extension[@url=&#39;http://hl7.no/fhir/StructureDefinition/no-basis-middlename&#39;]"/><xpathUsage value="normal"/><multipleOr value="true"/><multipleAnd value="true"/><modifier value="missing"/><modifier value="exact"/><modifier value="contains"/></SearchParameter>