<?xml version="1.0" encoding="UTF-8"?><ValueSet xmlns="http://hl7.org/fhir"><id value="no-basis-family-relation.valueset"/><meta><versionId value="1"/><lastUpdated value="2018-10-16T12:48:46.366+02:00"/></meta><text><status value="generated"/><div xmlns="http://www.w3.org/1999/xhtml"><ul><li>Include all codes defined in <a href="CodeSystem-no-basis-family-relation.codesystem.html"><code>http://hl7.no/fhir/CodeSystem/no-basis-family-relation</code></a></li></ul></div></text><url value="http://hl7.no/fhir/ValueSet/no-basis-family-relation"/><version value="0.1.0"/><name value="NoBasisFamilyRelation"/><title value="no-basis-family-relation.valueset"/><status value="active"/><experimental value="true"/><date value="2018-10-26T10:48:45.936+00:00"/><publisher value="HL7 Norway"/><contact><name value="HL7 Norway"/><telecom><system value="url"/><value value="http://www.hl7.org/"/></telecom><telecom><system value="email"/><value value="usrsc@lists.HL7.org"/></telecom></contact><description value="Copy of Codes from Familierelasjon defined by Skatteetaten"/><immutable value="false"/><compose><include><system value="http://hl7.no/fhir/CodeSystem/no-basis-family-relation"/></include></compose></ValueSet>