{"resourceType":"ConceptMap","id":"3401-use-mapping","text":{"status":"extensions","div":"<div xmlns=\"http://www.w3.org/1999/xhtml\"><h2>MappingUse3401 (http://ehelse.no/fhir/ConceptMap/3401-mapping)</h2><p>Mapping from <a href=\"http://hl7.org/fhir/R4/codesystem-address-use.html\">http://hl7.org/fhir/address-use</a> to urn:oid:2.16.578.1.12.4.1.1.3401</p><p>DRAFT (not intended for production usage). Published on 2021-05-31 by HL7 Norway (HL7 Norway: <a href=\"http://www.hl7.org/\">http://www.hl7.org/</a>, <a href=\"mailto:usrsc@lists.HL7.org\">usrsc@lists.HL7.org</a>). </p><div><p>An example mapping</p>\n</div><br/><table class=\"grid\"><tr><td colspan=\"4\"><b>Source Concept Details</b></td><td><b>Relationship</b></td><td colspan=\"2\"><b>Destination Concept Details</b></td><td><b>Comment</b></td></tr><tr><td colspan=\"2\"><b>Code</b> from <a href=\"http://hl7.org/fhir/R4/codesystem-address-use.html\" title=\"http://hl7.org/fhir/address-use\">AddressUse</a></td><td><b>Code</b> from </td><td><b>Code</b> from </td><td/><td colspan=\"2\"><b>Code</b> from urn:oid:2.16.578.1.12.4.1.1.3401</td><td/></tr><tr><td style=\"border-right-width: 0px\">home</td><td style=\"border-left-width: 0px\">Home</td><td>false</td><td/><td><a href=\"http://hl7.org/fhir/R4/codesystem-concept-map-equivalence.html#narrower\">narrower</a></td><td style=\"border-right-width: 0px\">H</td><td style=\"border-left-width: 0px\"></td><td>Både Bosted og folkeregisteradresse mapper til home</td></tr><tr><td style=\"border-right-width: 0px\">home</td><td style=\"border-left-width: 0px\">Home</td><td>true</td><td/><td><a href=\"http://hl7.org/fhir/R4/codesystem-concept-map-equivalence.html#narrower\">narrower</a></td><td style=\"border-right-width: 0px\">HP</td><td style=\"border-left-width: 0px\"></td><td>Både Bosted og folkeregisteradresse mapper til home</td></tr><tr><td style=\"border-right-width: 0px\">work</td><td style=\"border-left-width: 0px\">Work</td><td/><td/><td><a href=\"http://hl7.org/fhir/R4/codesystem-concept-map-equivalence.html#equivalent\">is equivalent to</a></td><td style=\"border-right-width: 0px\">WP</td><td style=\"border-left-width: 0px\"></td><td/></tr><tr><td style=\"border-right-width: 0px\">temp</td><td style=\"border-left-width: 0px\">Temporary</td><td/><td/><td><a href=\"http://hl7.org/fhir/R4/codesystem-concept-map-equivalence.html#narrower\">narrower</a></td><td style=\"border-right-width: 0px\">HV</td><td style=\"border-left-width: 0px\"></td><td>Både ferieadresse og midlertidig adresse mapper til temp</td></tr><tr><td style=\"border-right-width: 0px\">temp</td><td style=\"border-left-width: 0px\">Temporary</td><td/><td/><td><a href=\"http://hl7.org/fhir/R4/codesystem-concept-map-equivalence.html#narrower\">narrower</a></td><td style=\"border-right-width: 0px\">TMP</td><td style=\"border-left-width: 0px\"></td><td>Både ferieadresse og midlertidig adresse mapper til temp</td></tr><tr><td style=\"border-right-width: 0px\">old</td><td style=\"border-left-width: 0px\">Old / Incorrect</td><td/><td/><td><a href=\"http://hl7.org/fhir/R4/codesystem-concept-map-equivalence.html#inexact\">maps loosely to</a></td><td style=\"border-right-width: 0px\">BAD</td><td style=\"border-left-width: 0px\"></td><td>Gammel er relatert til ubrukelig men ikke lik</td></tr><tr><td style=\"border-right-width: 0px\">home</td><td style=\"border-left-width: 0px\">Home</td><td/><td>billing</td><td><a href=\"http://hl7.org/fhir/R4/codesystem-concept-map-equivalence.html#equivalent\">is equivalent to</a></td><td style=\"border-right-width: 0px\">INV</td><td style=\"border-left-width: 0px\"></td><td/></tr><tr><td style=\"border-right-width: 0px\">home</td><td style=\"border-left-width: 0px\">Home</td><td/><td>postal</td><td><a href=\"http://hl7.org/fhir/R4/codesystem-concept-map-equivalence.html#equivalent\">is equivalent to</a></td><td style=\"border-right-width: 0px\">PST</td><td style=\"border-left-width: 0px\"></td><td/></tr><tr><td style=\"border-right-width: 0px\">home</td><td style=\"border-left-width: 0px\">Home</td><td/><td>physical</td><td><a href=\"http://hl7.org/fhir/R4/codesystem-concept-map-equivalence.html#equivalent\">is equivalent to</a></td><td style=\"border-right-width: 0px\">RES</td><td style=\"border-left-width: 0px\"></td><td/></tr></table></div>"},"url":"http://ehelse.no/fhir/ConceptMap/3401-mapping","version":"0.1.0","name":"MappingUse3401","title":"Mapping 3401 to Address use","status":"draft","experimental":true,"date":"2021-05-31","publisher":"HL7 Norway","contact":[{"name":"HL7 Norway","telecom":[{"system":"url","value":"http://www.hl7.org/"},{"system":"email","value":"usrsc@lists.HL7.org"}]}],"description":"An example mapping","purpose":"To illustrate mapping features","sourceUri":"http://hl7.org/fhir/address-use","targetUri":"urn:oid:2.16.578.1.12.4.1.1.3401","group":[{"source":"http://hl7.org/fhir/address-use","target":"urn:oid:2.16.578.1.12.4.1.1.3401","element":[{"code":"home","target":[{"code":"H","display":"Bostedsadresse","equivalence":"narrower","comment":"Både Bosted og folkeregisteradresse mapper til home","dependsOn":[{"property":"Address.official","value":"false"}]}]},{"code":"home","target":[{"code":"HP","display":"Folkeregisteradresse","equivalence":"narrower","comment":"Både Bosted og folkeregisteradresse mapper til home","dependsOn":[{"property":"Address.official","value":"true"}]}]},{"code":"work","target":[{"code":"WP","display":"Arbeidsadresse","equivalence":"equivalent"}]},{"code":"temp","target":[{"code":"HV","display":"Ferieadresse","equivalence":"narrower","comment":"Både ferieadresse og midlertidig adresse mapper til temp"}]},{"code":"temp","target":[{"code":"TMP","display":"Midlertidig adresse","equivalence":"narrower","comment":"Både ferieadresse og midlertidig adresse mapper til temp"}]},{"code":"old","target":[{"code":"BAD","display":"Ubrukelig adresse","equivalence":"inexact","comment":"Gammel er relatert til ubrukelig men ikke lik"}]},{"code":"home","target":[{"code":"INV","display":"Faktureringsadresse","equivalence":"equivalent","dependsOn":[{"property":"Address.type","value":"billing"}]}]},{"code":"home","target":[{"code":"PST","display":"Postadresse","equivalence":"equivalent","dependsOn":[{"property":"Address.type","value":"postal"}]}]},{"code":"home","target":[{"code":"RES","display":"Besøksadresse","equivalence":"equivalent","dependsOn":[{"property":"Address.type","value":"physical"}]}]}]}]}