{"resourceType":"NamingSystem","id":"no-basis-bydelsnummer","meta":{"versionId":"1.0"},"text":{"status":"generated","div":"<div xmlns=\"http://www.w3.org/1999/xhtml\"><h3>Summary</h3><table class=\"grid\"><tr><td>Defining URL</td><td>https://simplifier.net/guide/no-basis-entities-individuals/NamingSystem/no-basis-bydelsnummer</td></tr><tr><td>Version</td><td>0.1.0</td></tr><tr><td>Name</td><td>Bydelsnummer</td></tr><tr><td>Status</td><td>active</td></tr><tr><td>Definition</td><td><div><p>Nummerering av kommuner i henhold til SSB sin offisielle liste. Inneholder fremtidige, gyldige og utgåtte kommunenummer.</p>\n</div></td></tr><tr><td>Publisher</td><td>HL7 Norway</td></tr></table><h3>Identifiers</h3><table class=\"grid\"><tr><td><b>Type</b></td><td><b>Value</b></td><td><b>Preferred</b></td></tr><tr><td>URI</td><td>http://hl7.no/fhir/NamingSystem/bydelsnummer</td><td>false</td></tr><tr><td>URI</td><td>http://data.ssb.no/api/klass/v1/versions/919</td><td>true</td></tr><tr><td>URI</td><td>urn:oid:2.16.578.1.12.4.1.1.3403</td><td>false</td></tr></table></div>"},"name":"Bydelsnummer","status":"active","kind":"identifier","date":"2018-10-26","publisher":"HL7 Norway","contact":[{"name":"HL7 Norway","telecom":[{"system":"url","value":"http://www.hl7.org/"},{"system":"email","value":"usrsc@lists.HL7.org"}]}],"responsible":"Statistisk sentralbyrå","description":"Nummerering av kommuner i henhold til SSB sin offisielle liste. Inneholder fremtidige, gyldige og utgåtte kommunenummer.","uniqueId":[{"type":"uri","value":"http://hl7.no/fhir/NamingSystem/bydelsnummer","preferred":false},{"type":"uri","value":"http://data.ssb.no/api/klass/v1/versions/919","preferred":true},{"type":"uri","value":"urn:oid:2.16.578.1.12.4.1.1.3403","preferred":false}]}