{"resourceType":"SearchParameter","id":"no-basis-middlename","url":"http://hl7.no/fhir/SearchParameter/no-basis-middlename","version":"0.1.0","name":"NoBasisMiddlename","status":"active","date":"2021-08-18T00:20:08+02:00","publisher":"HL7 Norway","contact":[{"name":"HL7 Norway","telecom":[{"system":"url","value":"http://www.hl7.org/"},{"system":"email","value":"usrsc@lists.HL7.org"}]}],"description":"SearchParameter for the Norwegian middlename extension http://hl7.no/fhir/StructureDefinition/no-basis-middlename","code":"middlename","base":["Patient","Practitioner","Person"],"type":"string","expression":"Patient.name.extension.where(url='http://hl7.no/fhir/StructureDefinition/no-basis-middlename').value | Practitioner.name.extension.where(url='http://hl7.no/fhir/StructureDefinition/no-basis-middlename').value | Person.name.extension.where(url='http://hl7.no/fhir/StructureDefinition/no-basis-middlename').value","xpath":"f:Patient/f:name/f:extension[@url='http://hl7.no/fhir/StructureDefinition/no-basis-middlename'] | f:Practitioner/f:name/f:extension[@url='http://hl7.no/fhir/StructureDefinition/no-basis-middlename'] | f:Person/f:name/f:extension[@url='http://hl7.no/fhir/StructureDefinition/no-basis-middlename']","xpathUsage":"normal","multipleOr":true,"multipleAnd":true,"modifier":["missing","exact","contains"]}