{"resourceType":"ValueSet","id":"no-basis-parental-responsibility.valueset","meta":{"versionId":"1","lastUpdated":"2018-10-16T12:48:46.366+02:00"},"text":{"status":"generated","div":"<div xmlns=\"http://www.w3.org/1999/xhtml\"><ul><li>Include all codes defined in <a href=\"CodeSystem-no-basis-parental-responsibility.codesystem.html\"><code>http://hl7.no/fhir/CodeSystem/no-basis-parental-responsibility</code></a></li></ul></div>"},"url":"http://hl7.no/fhir/ValueSet/no-basis-parental-responsibility","version":"0.1.0","name":"NoBasisParentalResponsibility","title":"no-basis-parental-responsibility.valueset","status":"active","experimental":true,"date":"2018-10-26T10:48:45.936+00:00","publisher":"HL7 Norway","contact":[{"name":"HL7 Norway","telecom":[{"system":"url","value":"http://www.hl7.org/"},{"system":"email","value":"usrsc@lists.HL7.org"}]}],"description":"Copy of Codes from Foreldreansvar defined by Skatteetaten","immutable":false,"compose":{"include":[{"system":"http://hl7.no/fhir/CodeSystem/no-basis-parental-responsibility"}]}}