{
  "resourceType": "SearchParameter",
  "id": "no-basis-middlename",
  "text": {
    "status": "generated",
    "div": "<div xmlns=\"http://www.w3.org/1999/xhtml\"><p><b>Generated Narrative</b></p><p><b>url</b>: <code>http://hl7.no/fhir/SearchParameter/no-basis-middlename</code></p><p><b>version</b>: 0.1.0</p><p><b>name</b>: NoBasisMiddlename</p><p><b>status</b>: active</p><p><b>date</b>: 18 Aug 2021, 00.20.08</p><p><b>publisher</b>: HL7 Norway</p><p><b>contact</b>: HL7 Norway: <a href=\"http://www.hl7.org/\">http://www.hl7.org/</a>,<a href=\"mailto:usrsc@lists.HL7.org\">usrsc@lists.HL7.org</a></p><p><b>description</b>: SearchParameter for the Norwegian middlename extension http://hl7.no/fhir/StructureDefinition/no-basis-middlename</p><p><b>code</b>: middlename</p><p><b>base</b>: Patient, Practitioner, Person</p><p><b>type</b>: string</p><p><b>expression</b>: Patient.name.extension.where(url='http://hl7.no/fhir/StructureDefinition/no-basis-middlename').value | Practitioner.name.extension.where(url='http://hl7.no/fhir/StructureDefinition/no-basis-middlename').value | Person.name.extension.where(url='http://hl7.no/fhir/StructureDefinition/no-basis-middlename').value</p><p><b>xpath</b>: f:Patient/f:name/f:extension[@url='http://hl7.no/fhir/StructureDefinition/no-basis-middlename'] | f:Practitioner/f:name/f:extension[@url='http://hl7.no/fhir/StructureDefinition/no-basis-middlename'] | f:Person/f:name/f:extension[@url='http://hl7.no/fhir/StructureDefinition/no-basis-middlename']</p><p><b>xpathUsage</b>: normal</p><p><b>multipleOr</b>: true</p><p><b>multipleAnd</b>: true</p><p><b>modifier</b>: missing, exact, contains</p></div>"
  },
  "url": "http://hl7.no/fhir/SearchParameter/no-basis-middlename",
  "version": "0.1.0",
  "name": "NoBasisMiddlename",
  "status": "active",
  "date": "2021-08-18T00:20:08+02:00",
  "publisher": "HL7 Norway",
  "contact": [
    {
      "name": "HL7 Norway",
      "telecom": [
        {
          "system": "url",
          "value": "http://www.hl7.org/"
        },
        {
          "system": "email",
          "value": "usrsc@lists.HL7.org"
        }
      ]
    }
  ],
  "description": "SearchParameter for the Norwegian middlename extension http://hl7.no/fhir/StructureDefinition/no-basis-middlename",
  "code": "middlename",
  "base": [
    "Patient",
    "Practitioner",
    "Person"
  ],
  "type": "string",
  "expression": "Patient.name.extension.where(url='http://hl7.no/fhir/StructureDefinition/no-basis-middlename').value | Practitioner.name.extension.where(url='http://hl7.no/fhir/StructureDefinition/no-basis-middlename').value | Person.name.extension.where(url='http://hl7.no/fhir/StructureDefinition/no-basis-middlename').value",
  "xpath": "f:Patient/f:name/f:extension[@url='http://hl7.no/fhir/StructureDefinition/no-basis-middlename'] | f:Practitioner/f:name/f:extension[@url='http://hl7.no/fhir/StructureDefinition/no-basis-middlename'] | f:Person/f:name/f:extension[@url='http://hl7.no/fhir/StructureDefinition/no-basis-middlename']",
  "xpathUsage": "normal",
  "multipleOr": true,
  "multipleAnd": true,
  "modifier": [
    "missing",
    "exact",
    "contains"
  ]
}